50 First Dates,English
8 Mile,English
A Beautiful Mind,English
A Bug's Life,English
A Quiet Place,English
A Star is Born,English
Aladdin,English
Alice in Wonderland,English
Alien,English
American Beauty,English
American Pie,English
Ant-Man,English
Aquaman,English
Atlantis,English
Avatar,English
Back to the Future,English
Bambi,English
Barbie,English
Batman,English
Batwoman,English
Beauty and the Beast,English
Bend It Like Beckham,English
Big Bang Theory,English
Billions,English
Bird Box,English
Black Mirror,English
Black Panther,English
Black Swan,English
Bohemian Rhapsody,English
Brave,English
Braveheart,English
Breaking Bad,English
Brooklyn Nine-Nine,English
Buzz Lightyear,English
Captain America,English
Cars,English
Cast Away,English
Chicago,English
Cinderella,English
Click,English
Clueless,English
Crazy Rich Asians,English
Daredevil,English
Dark,English
Deadpool,English
Desperate Housewives,English
Despicable Me,English
Dirty Dancing,English
Doctor Sleep,English
Doctor Strange,English
Dodgeball,English
Don't Breathe,English
Don't Look Up,English
Dracula,English
Dumb and Dumber,English
Dumbo,English
E.T.,English
Elite,English
Elvis,English
Emily in Paris,English
Entourage,English
ER,English
Family Guy,English
Fantasia,English
Fast and Furious,English
Fight Club,English
Finding Nemo,English
Friends,English
Frozen,English
Game of Thrones,English
Get Out,English
Gladiator,English
Godzilla,English
Gone Girl,English
Gossip Girl,English
Grey's Anatomy,English
Grown Ups,English
Guardians of the Galaxy,English
Halloween,English
Happy Gilmore,English
Harry Potter,English
Hercules,English
Hitch,English
Home Alone,English
Homeland,English
House,English
How I Met Your Mother,English
How to Train Your Dragon,English
I Am Legend,English
Inception,English
Indiana Jones,English
Inside Out,English
Interstellar,English
Iron Man,English
IT,English
It's Always Sunny in Philadelphia,English
Jaws,English
John Wick,English
Jungle Book,English
Jurassic Park,English
King Kong,English
Kung Fu Panda,English
La La Land,English
Legally Blonde,English
Les Misérables,English
Liar Liar,English
Lilo & Stitch,English
Logan,English
Lost,English
Mad Max,English
Madagascar,English
Mamma Mia,English
Mean Girls,English
Mighty Ducks,English
Million Dollar Baby,English
Minions,English
Mission Impossible,English
Modern Family,English
Money Heist,English
Monsters Inc,English
Mulan,English
Napoleon,English
Narcos,English
On My Block,English
One Tree Hill,English
Onward,English
Oppenheimer,English
Peaky Blinders,English
Peter Pan,English
Pinocchio,English
Predator,English
Pretty Woman,English
Prison Break,English
Prisoners,English
Purple Rain,English
Puss in Boots,English
Rain Man,English
Ratatouille,English
Robin Hood,English
RoboCop,English
Rocky,English
Save the Last Dance,English
Saving Private Ryan,English
Saw,English
Scarface,English
School of Rock,English
Scream,English
Scrubs,English
Sex and the City,English
Sex Education,English
She-Hulk,English
Sherlock,English
Shrek,English
Sleeping Beauty,English
Snow White,English
Space Jam,English
Spider-Man,English
Squid Game,English
Star Wars,English
Step Up,English
Stranger Things,English
Suits,English
Supergirl,English
Superman,English
Tangled,English
Tarzan,English
The Avengers,English
The Bad Guys,English
The Batman,English
The Crown,English
The Dark Knight,English
The Exorcist,English
The Flash,English
The Girl with the Dragon Tattoo,English
The Godfather,English
The Greatest Showman,English
The Hangover,English
The Hunger Games,English
The Incredibles,English
The Joker,English
The Jungle Book,English
The Last of Us,English
The Lion King,English
The Little Mermaid,English
The Longest Yard,English
The Martian,English
The Mask,English
The Matrix,English
The Maze Runner,English
The Mummy,English
The Office,English
The Piano,English
The Princess and the Frog,English
The Pursuit of Happiness,English
The Replacements,English
The Silence of the Lambs,English
The Social Network,English
The Terminator,English
The Two Popes,English
The Umbrella Academy,English
The Walking Dead,English
The Witcher,English
The Wolf of Wall Street,English
The Wolverine,English
Thor,English
Titanic,English
Toy Story,English
Transformers,English
Treasure Planet,English
Turning Red,English
Twilight,English
Two and a Half Men,English
Up,English
Venom,English
Wedding Crashers,English
Wednesday,English
Winnie the Pooh,English
Wonder Woman,English
World War Z,English
X-Men,English
You,English
الاختيار,Arabic
الإرهاب والكباب,Arabic
الأسطورة,Arabic
الأفوكاتو,Arabic
الباشا تلميذ,Arabic
البرنس,Arabic
التغريبة الفلسطينية,Arabic
الجزيرة,Arabic
الحشاشين,Arabic
الرحلة,Arabic
الزوجة الثانية,Arabic
العار,Arabic
العراف,Arabic
العشق الممنوع,Arabic
العيال كبرت,Arabic
الغالبون,Arabic
الفيل الأزرق,Arabic
الكبير أوي,Arabic
الكنز,Arabic
الكيف,Arabic
اللص والكلاب,Arabic
المال والبنون,Arabic
المرأة الحديدية,Arabic
النهاية,Arabic
الهيبة,Arabic
الواد محروس بتاع الوزير,Arabic
الولادة من الخاصرة,Arabic
إبراهيم الأبيض,Arabic
إخوة التراب,Arabic
أبو العروسة,Arabic
أرض النفاق,Arabic
أفراح إبليس,Arabic
ألف مبروك,Arabic
أهل الغرام,Arabic
أيام شامية,Arabic
بـ١٠٠ وش,Arabic
باب الحارة,Arabic
بقعة ضوء,Arabic
بنات ثانوي,Arabic
بياع الخواتم,Arabic
تيتة رهيبة,Arabic
جحيم في الهند,Arabic
حارة القبة,Arabic
حارة اليهود,Arabic
حبة لولو,Arabic
حريم السلطان,Arabic
حكاية حياة,Arabic
حمام الهنا,Arabic
خان الحرير,Arabic
خطوط حمراء,Arabic
خللي بالك من زوزو,Arabic
دكان شحاتة,Arabic
دموع الورد,Arabic
راجل وست ستات,Arabic
ريح المدام,Arabic
سابع جار,Arabic
سكر بنات,Arabic
سلسال الدم,Arabic
شقة في وسط البلد,Arabic
صح النوم,Arabic
صعيدي في الجامعة الأمريكية,Arabic
ضيعة ضايعة,Arabic
ظل الرئيس,Arabic
عروس بيروت,Arabic
عمر وسلمى,Arabic
عيال حبيبي,Arabic
عيلة ست نجوم,Arabic
فجر الإسلام,Arabic
كلبش,Arabic
كيد النسا,Arabic
لعبة النسيان,Arabic
لمبي,Arabic
ليالي الحلمية,Arabic
ليلة البيبي دول,Arabic
ليلة هنا وسرور,Arabic
مافيا,Arabic
مدرسة المشاغبين,Arabic
مرايا,Arabic
مسافة أمان,Arabic
مش أنا,Arabic
هروب اضطراري,Arabic
هي ومراتها,Arabic
وادي الذئاب,Arabic
وردة شامية,Arabic
ولاد البلد,Arabic
ولاد رزق,Arabic
وهلأ لوين,Arabic
يوم الدين,Arabic
يوميات مدير عام,Arabic
